{"stats":{"minecraft:picked_up":{"minecraft:music_disc_strad":2,"minecraft:music_disc_blocks":3,"minecraft:music_disc_mall":2,"minecraft:music_disc_ward":1,"minecraft:music_disc_stal":2,"minecraft:music_disc_mellohi":2,"minecraft:music_disc_far":2,"minecraft:music_disc_wait":1,"minecraft:music_disc_cat":3,"minecraft:music_disc_chirp":2},"minecraft:dropped":{"minecraft:cobblestone":1},"minecraft:custom":{"minecraft:time_since_rest":319328,"minecraft:play_one_minute":319328,"minecraft:crouch_one_cm":5693,"minecraft:sprint_one_cm":33583,"minecraft:walk_one_cm":76621,"minecraft:sneak_time":2945,"minecraft:drop":1,"minecraft:jump":155,"minecraft:leave_game":3,"minecraft:play_record":20,"minecraft:time_since_death":319328,"minecraft:fly_one_cm":103561},"minecraft:used":{"minecraft:music_disc_stal":2,"minecraft:music_disc_mellohi":2,"minecraft:music_disc_far":2,"minecraft:white_wool":982,"minecraft:black_wool":52,"minecraft:sea_lantern":199,"minecraft:cobblestone":10,"minecraft:music_disc_cat":3,"minecraft:command_block":4,"minecraft:red_wool":1,"minecraft:music_disc_mall":2,"minecraft:armor_stand":4,"minecraft:barrier":169,"minecraft:music_disc_ward":1,"minecraft:oak_sign":5,"minecraft:music_disc_chirp":2,"minecraft:stone":4,"minecraft:music_disc_wait":1,"minecraft:jukebox":1,"minecraft:music_disc_strad":2,"minecraft:music_disc_blocks":3}},"DataVersion":1976}